media,varianza,curtosis,simetria,entropia,energia,clase
-0.4800283992691622,0.24148058076129023,-0.18374664457409562,0.9193204543010806,8.915809074516133,19.858509368,3
-0.26321220106951876,0.5698294190172352,2.4742570158233486,1.4033845276999684,8.801301664906251,93.83678134999998,3
-0.6399821262032086,0.30928801173015247,0.5348532313009606,1.3449475107193118,8.932267372368013,20.0,0
-0.6448627361853834,0.30591432234743204,0.40664252214554786,1.3289037121703469,8.960953486131322,20.0,0
-0.3907376840106952,0.22600055656523496,-0.611757043017449,0.6483785221385437,8.874380121951264,19.4639489535,3
-0.6429201153297683,0.2877231127718034,0.42818933684704596,1.3032517266029255,8.939382419143632,19.999760002000002,0
-0.2161371706060606,0.21357578221457899,-0.6167705651701363,0.28606581748531684,8.758446403369694,18.6832875452,2
-0.3705813393939394,0.2145515656217064,-0.3498675079500222,0.6604588682862103,8.863622971352298,19.2490917706,1
-0.3917174907308378,0.2212206874354898,-0.4008565576086811,0.7315624943838848,8.911448860162881,19.006931856900003,1
-0.4356048454545455,0.22624844754134837,-0.17049751843250904,0.8149604141407158,8.901277392504674,19.6241441859,3
-0.632498780053476,0.27688569832441884,0.6405221331753213,1.3131250815396507,8.89584963157446,19.9992400206,4
-0.6055568810160428,0.2696797389393334,0.2701925834663661,1.188642966769549,8.902241568100957,19.995960498800002,4
-0.642337670053476,0.2951959718576625,0.6049544921203265,1.356385437203965,8.944750168537826,19.9995200054,0
-0.30032351622103387,0.21182268072730384,-0.5691445383924885,0.4544524380876161,8.820088841796103,18.9464494532,1
-0.38841598253119425,0.21373619872620692,-0.35972040936096805,0.7224958586250559,8.903548262350695,19.4302696172,1
-0.2760635144385027,0.3046517338683261,0.20993102076251757,0.6997238397983899,8.830742971354113,29.983163214300003,3
-0.6532107684491979,0.2818312369670161,0.475902721374883,1.3134998183598618,8.920471576549929,19.9999800001,0
-0.4586647978609626,0.22612690261684892,-0.27795351956635406,0.8471170056221606,8.89731391936115,19.524964101200002,1
-0.6345491554955437,0.28375265139255174,0.5248308274461202,1.2922686288887695,8.911859626975586,19.9996000048,4
-0.2668928081996435,0.2064692686495348,-0.5734895912850075,0.3978926814106667,8.75910176329759,18.8232592846,2
-0.3794966849251337,0.21518522118937022,-0.22926909041577082,0.721863503811199,8.872064679265224,19.1693034328,2
-0.6472942759358288,0.2967192184742925,0.58933914806684,1.3653892119663755,8.947626731017492,19.9996400034,0
-0.437761261942959,0.24201151043795036,-0.38549415640872553,0.781039064840615,8.879466152337042,19.3714943383,3
-0.6473386436720142,0.28216264764209104,0.700655528432137,1.353168418166244,8.91430102763643,19.9996800038,4
-0.42935666221033875,0.239160727350154,-0.08780244580037966,0.8847048057492927,8.892523192624916,19.6328828969,1
-0.16819390944741536,0.24726059840970455,-0.4891625028103084,0.30993285724300984,8.742785465495782,21.239846532999998,2
-0.43882647344028525,0.22629482737447848,-0.3403419697320764,0.7707647386462654,8.886287582339847,19.405721468100005,1
-0.3651501349376114,0.22480635186140763,-0.4729222057412903,0.6398149574924058,8.878057585654831,19.1610850404,1
-0.6328446565062389,0.26772197385028296,0.5093577563037366,1.2746672047596108,8.906522700679108,19.9957204058,4
-0.354570842513369,0.22954264768935997,-0.5573982248760934,0.6081079937197758,8.855823702018295,19.202771811799998,1
-0.47118011836007123,0.23838247190014383,-0.28242240139080854,0.9006236188433496,8.930581057338594,19.6747758181,2
-0.5720634784313725,0.26406832654801987,-0.09971448645876269,1.0399625393421235,8.865867050612872,19.9952806952,4
-0.6396867787522282,0.282312162127639,0.6657769362479895,1.3433359633753734,8.932571017820713,19.9996000054,4
-0.4015492274509803,0.22182595377246767,-0.2629458058829952,0.7486286509127312,8.887624895179737,19.4279351944,3
-0.39350695383244205,0.22412084232405172,-0.4390383200264356,0.7042995587898837,8.88829651465295,19.5233168765,2
-0.4669123190730838,0.24773599682156416,-0.27026610673728424,0.927845332996403,8.922839704379367,19.572941658800005,2
-0.6419289140819965,0.3054724266227549,0.3948172735956508,1.3233027820873866,8.952861842101573,19.9998800006,0
-0.30185318003565065,0.21699218453630853,-0.5621566891108998,0.47009987105863577,8.789492134868773,18.683135145199998,2
-0.6176999146167559,0.29931386279722055,1.2978075349107279,1.4708451139240717,8.943393913117815,22.121350190799998,0
-0.23230626652406414,0.20778717100265887,-0.6603786675422647,0.1968868955526903,8.706492458902904,18.798418213199998,2
-0.28893092522281644,0.2023941604800384,-0.40815936256709673,0.5442964966054663,8.79229507536991,18.1155847116,3
-0.6176787178253118,0.3205965526396874,0.47206341084686265,1.3030589095939344,8.919398716405261,20.17003729,4
-0.38552951896613186,0.21708488786372623,-0.5920647077168653,0.5861466108481156,8.851043837507163,19.5011265235,3
-0.6234118483065954,0.29619140029361646,0.20270913998795947,1.2154429854692077,8.924157207533803,19.999480008,0
-0.38258682055258464,0.22321875941039662,-0.35800309966701427,0.6900193483338438,8.873541640383694,19.5824654225,1
-0.5339684893048128,0.2565217829618429,-0.09039021367485178,0.9898262654800591,8.878192587344714,19.9607944728,4
-0.6485900896078433,0.2727320432680195,0.7534734349812902,1.3567655285630362,8.9222188624021,19.9993200096,0
-0.3766870751158645,0.2196491182322635,-0.39299611809316337,0.6069212619915711,8.814781141724609,19.5492432614,2
-0.651289028342246,0.26648240776567733,0.7728795377728588,1.3528370745882667,8.914983162680752,19.999540007900002,0
-0.41692722780748664,0.2302264145393055,-0.17179065207418542,0.8059558943397602,8.885459454712123,19.6710520258,3
-0.639691891087344,0.2715472285651679,1.0375756524879112,1.440998776872906,8.949895953512076,19.9989200266,4
-0.32996505365418893,0.2273194357719927,-0.5326058696451215,0.5480941670291617,8.812174274895334,18.8882806016,2
-0.6175113750445632,0.2593074774658779,0.4233362043755542,1.2188550400625568,8.895730010124465,19.9966403466,4
-0.6306922131372549,0.28876947225345756,0.31574213205446044,1.2640463282955392,8.934760182599513,19.9991400227,0
-0.38113930160427806,0.2268785010526781,-0.4340919679451316,0.650752766775814,8.844264487746388,19.2812639693,2
-0.3636806868092691,0.22054715948819392,-0.28722663735879683,0.6404582530657242,8.829409893949485,19.4684976524,2
-0.4113905320855615,0.23415703923555933,-0.45026052890301216,0.7372903915834985,8.913931142496999,19.754354439,3
-0.638377498627451,0.2910230548104479,0.6218223364556543,1.3424328797111327,8.932950879358042,19.9999400003,4
-0.35274433582887704,0.21442267021235276,-0.41072423181263673,0.5596681109744628,8.83640810127864,19.4901076305,1
-0.640823779483066,0.28425626950117705,0.5350554071697253,1.3140272059114517,8.928405245619407,19.999240012,0
-0.44825797613048124,0.23801954858813543,-0.266575073526238,0.8794602555568873,8.902543849734126,19.611276715400003,3
-0.6157355807486631,0.3001246404679019,0.2714308990704213,1.2619793564418516,8.937927154802072,20.0017612162,4
-0.3880051912655972,0.23539538638338953,-0.43356984472235016,0.6633783013400727,8.880375635591928,19.5582191475,1
-0.6134132877540107,0.2937869306719137,0.3105559299806506,1.226155812965305,8.911353270487549,19.9985000701,0
-0.3911630556149733,0.2232749696737321,-0.42251525999413,0.6729503824901876,8.866695144722799,19.794388410299998,2
-0.6594179119429591,0.28703261271273844,0.6748271333061724,1.3834763411174353,8.938202710508072,20.0,0
-0.1880145037433155,0.21340650481630716,-0.562908154365855,0.2763831855608701,8.716373485659467,18.1808380652,1
-0.5940774088057041,0.281177627978334,0.05638865634547763,1.1224259304939617,8.875474636544638,19.9950606201,0
-0.6330790859180034,0.2965250414382673,0.37390299777945835,1.2962738042623676,8.953112019337343,19.9991200216,0
-0.656945647593583,0.28525000884686474,0.8443830031675157,1.416123689836219,8.93276159151149,19.9999400003,4
-0.6207423784313727,0.31033288459650027,0.4795314987962289,1.3279567998240456,8.953562833349956,19.998320085,0
-0.3387409766488413,0.21065923277010187,-0.3892997276553243,0.6385199235757085,8.839808706232812,18.9626521978,3
-0.375576985026738,0.21266067616739653,-0.319745996369611,0.7185295958067397,8.894207624741412,19.08878676,3
-0.4389002486631017,0.22230636230679182,-0.304915361255754,0.768295153600853,8.878634747454491,19.6221747286,1
-0.22920920178253118,0.1996285123688174,-0.6068740352284343,0.27549705287736254,8.742891050459587,18.8594102384,1
-0.48654349841176464,0.24133354470675678,-0.10136967396130059,0.9610227024287523,8.917473256691633,19.7500833832,1
-0.42302943672014265,0.2230292394723321,-0.3122383594756024,0.7694414772736123,8.862256959384425,19.235066588500004,3
-0.3879086069518717,0.22688469886343954,-0.3901190989040644,0.6948393819921588,8.889013398815607,19.3955921318,3
-0.6548559032085561,0.28955414334193397,0.6127381655712352,1.3649438638652323,8.947506538930806,19.999960000199998,0
-0.2937635879144385,0.20355923337102888,-0.49752873523225283,0.3872377528577039,8.726117976215791,18.8639074461,2
-0.23300600418894832,0.21344802416600775,-0.646228972995579,0.3073701184238451,8.751641126577843,18.7884210423,1
-0.45654715953654185,0.2292402416125866,-0.2762172584056155,0.8634023186595149,8.9173236762044,19.4985374836,1
-0.3899493432085561,0.22435963380271723,-0.37343379643815844,0.7410658786954089,8.883474320094193,18.8093790826,3
-0.6002798779857397,0.2850299201777281,0.28270827003493393,1.2368209026593673,8.943729007316197,19.9817680788,0
-0.4295604099821747,0.22479043527157366,-0.3087312640683413,0.8183055733966021,8.905848538161639,19.3796099256,1
-0.32802333440285203,0.2151303709927967,-0.48083261369247987,0.542334203841791,8.828076434744796,19.1635549286,2
-0.24162894509803926,0.5399320954198525,4.219463660565663,1.7323526143922563,8.78179248364215,111.17876495,3
-0.2253929354723708,0.2266118771197305,-0.8320606097140124,0.2152690291151425,8.754144344853282,18.754152599,2
-0.6190723108734403,0.28371635886179164,0.2722143610117742,1.221576671975622,8.920340447266152,19.998140093099998,0
-0.6318576745098039,0.30350384731362473,0.37427516202319167,1.2735036332918668,8.907789027938977,19.9999400003,0
-0.6015704299465241,0.29174070327002316,0.09317484974746737,1.1710927865325012,8.914684888697488,19.9995000119,4
-0.6575857646702318,0.2853104964399311,0.65300265131195,1.3715664150605005,8.934149734537618,20.0,0
-0.3135679860606061,0.2135638720345576,-0.4378694600298827,0.4747131210512677,8.765413187015385,19.405461940400002,2
-0.6125434702317291,0.311507498589351,0.27915839363358597,1.2695292870819317,8.946326969961445,19.996620217500002,0
-0.3803856569518717,0.2230333869115614,-0.4247087689963678,0.7018679008457425,8.891078392924083,19.054531432,3
-0.3376594060962567,0.21957637382580183,-0.3172739931687176,0.611911141792025,8.813696558980833,19.1452744889,2
-0.6353145916221034,0.2799980269743007,0.688518864002992,1.3360399464245512,8.923686170465036,19.998800038600002,4
-0.6456769985739751,0.27107948917627805,0.6828951675335775,1.3287752559422275,8.910653281158488,19.9998200009,4
-0.6149259401069519,0.3032425115537034,0.35494576251161414,1.2594105956721413,8.92525686858573,19.999540007500002,0
-0.606695926916221,0.30136007160080214,0.5568960032345704,1.3166000477776114,8.938719860352478,19.9981200842,0
-0.6436987212121211,0.2944732562158775,0.40321260704849493,1.3066213832345897,8.951628395108223,20.0007801601,0
-0.6421061842959002,0.2841005718533164,0.40265706707372884,1.2942711451445192,8.941391176194763,19.999820001499998,0
-0.6529924755793226,0.29989418793426353,0.4982008544216514,1.3659411395940255,8.980443435619382,20.0,0
-0.457730768627451,0.2528461394037062,-0.4028727607131075,0.8282194771699737,8.903248819899158,19.8609704898,1
-0.40159136880570406,0.22547677582648654,-0.27694240803961767,0.7569949186680006,8.882525525188605,19.5630010197,3
-0.5975822905525847,0.281692703214877,0.611012042187868,1.2804474153716412,8.907121442247947,19.9937811411,4
-0.6092075753475935,0.28069426717793955,0.3567382646838815,1.2237908845872898,8.904526895027674,19.9992400158,4
-0.3657716577540107,0.20395504419104316,-0.3843555950672175,0.6570705763334678,8.872289021419093,18.608847977000003,2
-0.6269412393582888,0.28864463967723486,0.6645604523213193,1.3355632760158285,8.918464488582227,19.9987600464,4
-0.6451741504456328,0.2980259913908052,0.3562070616120008,1.300915952913183,8.950541532650973,20.0,0
-0.4364304950267379,0.2542485363608041,-0.488823715052471,0.7562183450446323,8.877730275856464,19.8690736576,1
-0.24186957196078432,0.2170438237316101,-0.6317515544418328,0.30837898276320475,8.741394822978137,18.9731451602,1
-0.2623577944741533,0.24578291220809526,-0.5350303602623501,0.4291780864064169,8.757914650008507,20.212491531099996,3
-0.44038435294117645,0.23887971353106036,-0.26567309459596844,0.812796645899089,8.889632017745162,19.6584027998,2
-0.5707116868627451,0.2963574554930242,0.3813819346057916,1.2391479760478759,8.94131514538493,20.041605206,0
-0.2649617921568627,0.22061540005363756,-0.7327629526290083,0.26042225356318927,8.767497567140207,19.425977144,1
-0.437150764171123,0.22933572784408351,-0.42623125208465984,0.7561285597902359,8.85742230328017,19.7409814014,1
-0.24494128573975046,0.3154393103240905,0.696689285378719,0.8620526385711816,8.818044591256237,36.6567809118,3
-0.6383494694830659,0.2905140569547635,0.5995837542167632,1.3382560895795144,8.93689965706682,19.999840001000003,4
-0.6512912508734403,0.29631645581308536,0.7791127604769486,1.405000037282271,8.934995454580378,20.0,0
-0.5032596602495543,0.2623162739075853,-0.024930737693312555,1.054508404201206,8.95081073721886,19.7714570915,3
-0.34499388486274507,0.22781748910283928,-0.3069677870748455,0.7131995952692216,8.865516609647937,18.885878008600002,3
-0.6104989773618538,0.29860915938518806,0.6017242516605452,1.3093657613280374,8.914227811055948,19.9997400051,4
-0.3242021069518717,0.19944500255745753,-0.25806089504521657,0.6303548158670335,8.85229112397679,18.7358583753,3
-0.5012936871657754,0.25646002564687764,0.13350911885215266,1.0630118662640589,8.928258660256745,19.8864576216,3
-0.6392635212834226,0.2630972493652899,0.8189882568659339,1.3553237951255097,8.90817682600941,19.9967402889,4
-0.420118303547237,0.2329144336399646,-0.38732215986004315,0.7252695663610708,8.883958871916002,19.7217563716,1
-0.4217584062388592,0.2314105560319177,-0.307338067373665,0.8245291726129944,8.920041146679488,19.2602447452,2
-0.6525867605525847,0.2779310819470238,0.7867019408012061,1.3647233907183907,8.915595541191092,19.9999200004,4
-0.43045747741532975,0.23858983243166645,-0.0739753659719935,0.8850534559532831,8.905249201098993,19.4912158473,3
-0.5991305069518716,0.30110026568605436,0.249885268196127,1.2187211739959196,8.928859358078725,20.180404175000003,3
-0.402059798573975,0.22707377976613533,-0.37161767838629656,0.7123060271987185,8.88394534091175,19.5342401286,1
-0.5437728341176471,0.2933792759073502,0.18902996322521215,1.148274452841863,8.928844497049159,20.1970942216,4
-0.4131269267379679,0.21460690086837644,-0.41083376632762914,0.7402538261052557,8.911737495196515,19.4517217795,3
-0.6118738704099822,0.29816708584863955,0.47702500010422666,1.2818006400677355,8.915713466477762,20.143675677399997,3
-0.44335834474153296,0.2464614779147208,-0.20806344738341664,0.8560415442210112,8.901427972401681,19.7072459278,2
-0.6378024373083778,0.29436239991447344,0.5613025291450224,1.3290491652632364,8.91953276500992,20.005207291,4
-0.6244583674866311,0.30041867531952643,0.3872253931362386,1.2670385869627754,8.913595178656594,19.9997200036,4
-0.5812846905525847,0.2889063247595774,0.17819797663353754,1.1443196140722791,8.894531857868142,20.006127255799996,0
-0.24036631135472372,0.19725610214603295,-0.6876708843193606,0.24518870135867296,8.722720965967333,18.315296741899996,1
-0.6456439262032085,0.29361820175315495,0.3962030990774479,1.3069063175452604,8.950691912291141,20.0,0
-0.38593429693404635,0.21589785085534874,-0.5362752724308515,0.644537847790364,8.877928447443223,19.327473697200002,3
-0.2988810511586453,0.20282226313982116,-0.5133234350878895,0.46572563495402186,8.79546049521913,18.4601081271,3
-0.4335016000713013,0.22499795474195083,-0.2545996312626486,0.779832556788459,8.871355834145398,19.6766321715,3
-0.6370194721925133,0.2926692834783523,0.3757542583733309,1.27751212973795,8.93034499437018,19.9999200004,4
-0.3073412423885918,0.22036930235184427,-0.5288990414763353,0.5106580369065189,8.821147758930337,19.2102631221,1
-0.3272434795008912,0.2160591382171088,-0.3212641368291975,0.6612174192650436,8.856465196325347,18.5991542247,2
-0.6516742171122994,0.290153425764638,0.6132110059402152,1.3501142005284492,8.922710443360382,20.0,0
-0.5768295304812834,0.29241268962371875,-0.007292148492978878,1.1130359991881449,8.901753716073278,19.9963804033,4
-0.6135998345811051,0.2953916981090316,0.1300660181625588,1.191074729018778,8.91979744315951,19.9981200862,0
-0.5212544844919785,0.2626049948535185,-0.1828911719309163,0.9936252926639694,8.883005705856263,19.9083681741,2
-0.2898988857397505,0.21794048829938448,-0.5283828136797544,0.4197578895429799,8.75079857476356,19.1301216415,2
-0.6187352062388591,0.29310319664601575,0.4640207403807839,1.2771508906341218,8.92409250722844,20.261789028600003,3
-0.5864074935828878,0.2624754362937903,0.3685075495443062,1.2084256801613258,8.920441972870782,19.9894626879,4
-0.39502266431729055,0.23371195445798174,-0.42240754122586166,0.6972166344673199,8.867184567212211,19.5022357644,1
-0.3385950467023173,0.2132217368410688,-0.3891524247251499,0.6197797727815099,8.849482483996454,19.2494817019,1
-0.6437395188770053,0.30597216058521054,0.43503685015177096,1.3347031789959365,8.957015267937447,20.01586241,0
-0.4367353157575758,0.2335813852389807,-0.29309218276370563,0.8262095363444302,8.902623593784545,19.5415133437,1
-0.36909123285204987,0.234780589871045,-0.5082194838355236,0.6146506478933021,8.841911120605962,19.284341745200003,3
-0.22900803618538323,0.21360702133374287,-0.7554631848859579,0.2932190082665913,8.785748484780505,18.4687942794,1
-0.4314701559714795,0.23055292524711435,-0.23674606739973703,0.8010507399146701,8.911087502600184,19.718044364900003,3
-0.305348276114082,0.2348212818542487,-0.6564653971951779,0.5063662438071725,8.839243013999738,19.3067276663,1
-0.4312399213012477,0.34278918813579906,0.508401762635279,0.9912733013593046,8.894147509703414,31.424435417000005,0
-0.2727237905525847,0.2237296447449917,-0.6502307029717076,0.4146724795408819,8.810079306519542,18.8686329893,2
-0.3488537672370766,0.2185104899798592,-0.5493206711717442,0.5716606590894658,8.863131619712792,19.018864180399998,3
-0.6174038923351158,0.25976376414792385,0.7613655194928555,1.3254297244439872,8.933938566708274,19.998160067,4
-0.4248027487700535,0.23106561607024453,-0.19095654264697348,0.8120795359401374,8.891417700519877,19.5642896066,3
-0.28391288258467023,0.2144455371102261,-0.451104685689121,0.41964438446564395,8.779488231997924,18.883113292,1
-0.44299611515151516,0.24155879982413186,-0.2880213004791492,0.8572374605571167,8.911231623943781,19.2692801864,1
-0.5626513228342246,0.2955245053689672,0.05756293834769277,1.141121530734439,8.927104115792346,19.992881339600004,0
-0.4881562097504456,0.2348046420318941,-0.10864879975785424,0.9374939425363658,8.895984237380056,19.8023836516,1
-0.45804650035650635,0.2283239703912398,-0.12199835926989655,0.8613825160863517,8.911580994857998,19.742779342099997,3
-0.5719197773975044,0.2842859109895027,0.4235604379001834,1.2093755573842748,8.925804774711851,19.9979801659,0
-0.6392912289304813,0.29687111005811273,0.6305808983217656,1.336535748088925,8.923444836344515,19.9999000005,4
-0.31678957463101604,0.23108044426765095,-0.5281948879483429,0.4780286780053501,8.771206414073351,19.4905035765,2
-0.3140948684135472,0.21807376977324405,-0.5748589749675812,0.527539051344154,8.840835352225703,19.0352958953,1
-0.4147563796791444,0.22946273873651904,-0.30214059032091356,0.7622871769614448,8.89092615463693,19.611002122600002,1
-0.6341909135828877,0.31961706048846056,0.4485985064001974,1.3500504901290122,8.980895236630769,19.999900000700002,0
-0.33958446809269155,0.2199002056280647,-0.4420668269041559,0.5990023616966209,8.838387355318527,19.087550313799998,2
-0.6421917756702318,0.27232703982052,0.741676328195501,1.3542497472015398,8.924536829450911,19.999760002000002,0
-0.393977658627451,0.21791175973388985,-0.3721782718968063,0.7144941580818807,8.857390658838998,18.7331499911,3
-0.6017340403921568,0.2893389437178541,0.28824902149139753,1.2100345579242218,8.898700692194133,19.9948605927,4
-0.6414823780748663,0.2869451310477224,0.36042106909487925,1.281831167194073,8.922981708853824,19.9994600091,0
-0.6352668231194296,0.2889653159271976,0.7464566528615211,1.3813978052234868,8.945997635638268,20.061604361199997,0
-0.43599802038324414,0.22248290585350025,-0.3500714879445894,0.771164043135303,8.865053278413656,19.3591302134,3
-0.6462070844919786,0.2965646963903619,0.5746757883658824,1.3589719406697107,8.9417039617007,19.9998800006,4
-0.2421578452762923,0.264093592243556,-0.5536330144321475,0.48018107926415454,8.825922245029018,21.440723501500003,1
-0.4908276376114082,0.2528246453553844,0.025856442171568794,1.0377712785340525,8.937219837032307,19.7445059641,3
-0.6542750607843137,0.28087478831333723,0.5954582218067475,1.3493223350810473,8.943039354568093,19.9998800006,0
-0.3159944118360071,0.21699198352094032,-0.5825724255424083,0.4798268160300019,8.820063813588737,19.3538422671,1
-0.22254726411764705,0.22360135656847965,-0.6293813507350245,0.3200772331313268,8.73379160124589,19.225982039600005,1
-0.4644932001782532,0.2348112858745991,-0.13440614351540425,0.9098109550876348,8.915071169605778,19.7681462996,2
-0.3825061119429591,0.22085340665076406,-0.35306500965187615,0.7129841758427018,8.866129898866259,19.353289757899997,3
-0.3297044916221033,0.215624525047942,-0.46486513822853137,0.5227126948906415,8.824474736367062,19.399294187000002,2
-0.28328045347593583,0.2157411433415344,-0.6931109700368694,0.3716183059756875,8.78545899414657,18.670126446900003,1
-0.41749854652406415,0.2580022869588028,-0.42436754766963736,0.7723465808753943,8.8987223265897,20.483680650900002,1
-0.37649904672014256,0.21277139273015747,-0.3898075175965703,0.6754582153486396,8.86804414386841,18.7698624259,3
-0.6428467668449198,0.2978946048123198,0.5902359860659421,1.3509441084059768,8.940305754927191,19.9997400017,4
-0.19667383672014263,0.2325322769076035,0.9477486803760482,0.5931475104819314,8.723749102942044,26.1399670908,1
-0.3068596392869875,0.2302834514568789,-0.4882466526630074,0.5282459155995296,8.801420601645434,19.4248273901,2
-0.4868982844919786,0.38730443473434367,-0.08222192131819073,1.0178899999610618,8.895064017324495,25.0840902403,0
-0.3843799632620321,0.22388806234129327,-0.4225657009726773,0.6905622269992355,8.886023423750181,19.6402558099,3
-0.4895851928698753,0.2537225483816283,-0.2372362859582613,0.9395921056196284,8.915426326886067,19.7475249317,1
-0.6468446336898396,0.29508464896661935,0.43711965430094857,1.3146541968987482,8.940712515360463,19.9999800001,4
-0.38089643743315504,0.22556634939144354,-0.5662578687776838,0.6370394673457508,8.878080483845341,19.4195725302,1
-0.6410492322638147,0.296856730281853,0.5863814654360793,1.3393581213130468,8.933816931035157,19.9998800006,4
-0.4779620180819964,0.24560497248162888,-0.002090064083901222,0.9590487324879866,8.895438358067961,19.8009661011,3
-0.6107734413547237,0.27718126611267746,0.2984942353349025,1.211708565116159,8.900499337854907,19.9989400347,4
-0.3943012768270945,0.22214585870566478,-0.47694319054097667,0.6946155850670401,8.87095154881678,19.5507995007,3
-0.45365117290552587,0.23670065443292734,0.0551380826861565,0.9685159294342353,8.938164582576785,19.6087309414,3
-0.3306287565062388,0.2106200416210505,-0.3049746146050798,0.5433097649220733,8.802044882301447,19.163445139399997,1
-0.6415951994652406,0.29768321005917703,0.5830670318224351,1.3678139312572488,8.958975250907852,20.013807610199997,0
-0.18224725739750444,0.5796741985850501,5.010252091112513,1.498085486625013,8.799211910296881,98.80830709,3
-0.6338179104634581,0.2805682357588344,0.6957810969693803,1.345468467771527,8.923402977618943,19.9987000425,4
-0.6353608956684492,0.288228794858034,0.3617795046355745,1.2563831907738152,8.911184348391696,19.9997400035,0
-0.29411433743315507,0.23537743045928097,-0.8070014366659524,0.4243702403070695,8.833879154994271,19.0705655003,3
-0.6524333176470589,0.2765049221555494,0.6241319381049681,1.3311782392165656,8.921062919708973,19.9999400003,0
-0.23314888538502676,0.2086793648350907,-0.6918006191511501,0.18091227669655582,8.720675665201512,19.1124116021,1
-0.38030166520499104,0.2143978401202857,-0.3775862658335196,0.6795900414776339,8.870048011646064,19.3315725598,2
-0.6606245883422459,0.2755503956082262,0.919138433128551,1.4297442426472464,8.933055546996068,20.0,4
-0.3657894790552585,0.21374946266890846,-0.3156992357731294,0.7101336083190657,8.862886954331072,19.1437730662,3
-0.2825565532976827,0.24055458573508876,-0.6492362067783684,0.42908896100128174,8.792465002176447,19.2553401839,2
-0.2903694320499109,0.21833492372634228,-0.6910061807324186,0.3871813968615641,8.796938830033618,19.046996727,3
-0.3165461944741533,0.21288957418719223,-0.4890917556415637,0.5235056378400277,8.838270975054794,19.2678157317,1
-0.41908020942959,0.22396765855962655,-0.21618995839651678,0.8016252937892356,8.881673070497449,19.4779964024,3
-0.6200888951871657,0.2810166760596881,0.3844754959669987,1.233032603803206,8.906037209625595,19.9964602625,4
-0.6431457394474153,0.29316373311178245,0.6654215414134037,1.3513800942244434,8.919183366095037,19.9999200004,4
-0.26569744046345817,0.24142481153144052,-0.8485151088229621,0.3614413419421395,8.81978957031351,19.1420995417,2
-0.44032859245989303,0.24186163317588036,-0.4891430857856478,0.8171286836649484,8.907296218947392,19.6422674132,1
-0.5777613445632798,0.29651988775949173,0.4322728185073892,1.237760661149737,8.942042218049753,19.9979401143,0
-0.20909551087344028,0.19202035826626243,-0.5298739823991845,0.29244585685732966,8.708010323683794,18.2084318767,1
-0.4809337784313725,0.24480816094053554,-0.011817108006548338,0.9617770728625762,8.902175289293751,19.8950400971,3
-0.4219972795008912,0.2172718825960009,-0.30575740217327985,0.7770982397629815,8.910542570858276,19.437421133300003,3
-0.5412142737967914,0.26069844622295785,0.20406472779443385,1.1490095726986005,8.932871230435653,19.904794677,3
-0.3914131836007131,0.2246326885970554,-0.45453316265182764,0.6235110366039167,8.853111424122789,19.5806082051,1
-0.6303094424242425,0.2939723428581293,0.3270791826451429,1.2570350002004107,8.923253104954314,19.9997400031,0
-0.14791144014795007,0.22225081309306638,-0.7839335372483105,0.12673788107528614,8.77358128968165,18.046236221000004,2
-0.6311472012477718,0.2826324821228625,0.5222351228319555,1.2939087025199778,8.925251992451408,19.999260017700003,4
-0.2578636083957219,0.20244390651427235,-0.49447467624631747,0.4366644756490544,8.783195626845437,18.5033877296,1
-0.44599153493761134,0.24984712329942643,-0.30050364504572613,0.8585395859707389,8.909593101138384,19.7068073532,2
-0.40213460980392157,0.21876416055954917,-0.2352503799764767,0.7099533280536111,8.86880785270302,19.468726325600002,1
-0.6359975734581106,0.27981573242064567,0.9051788894892852,1.3930145459907826,8.926742894918805,19.999380012499998,4
-0.6589883823529411,0.2825816844845464,0.7891417716575564,1.403159871413204,8.954128461246487,20.0,0
-0.26512201568627447,0.22589264672143386,-0.7080452087072286,0.3463842630323443,8.778635318669043,18.6751801017,2
-0.22672011390374333,0.3005053204578152,0.3385872404469419,0.7127243288751216,8.790204248882553,31.2230602249,2
-0.6260367156862745,0.2646971566907556,0.9956643598738881,1.404924668649404,8.926324460951363,19.9986200491,4
-0.6094436028520499,0.27598379753532176,0.7251020608146774,1.3318136166702919,8.944087382092746,19.9986800452,4
-0.39075350755258464,0.21889655804673752,-0.5576345852882052,0.6174438362254525,8.8625557151684,19.5242422959,1
-0.32234391153297687,0.21408658857175344,-0.4811818766612781,0.4852477886300898,8.775641683962842,19.6011372401,1
-0.34098589244206773,0.23675001872153506,-0.5004032320763163,0.5088704622821766,8.794459397137896,20.374380982399998,2
-0.6343748786096257,0.2690551017287763,0.7978443972412852,1.3487638152417223,8.91356298920316,19.9971601784,4
-0.43143859732620315,0.24107453034107146,-0.4235216306570142,0.7560642807368729,8.863091232695899,19.5317456549,3
-0.6452966351158645,0.28749298805887324,0.6175857209945659,1.3361206614755115,8.918043523113175,19.9998400008,4
-0.5965961390374331,0.29342136066311,0.3494692514721298,1.2184308934244124,8.904416795864185,19.9984200701,4
-0.37248579696969697,0.24037398927632805,-0.5557458959661172,0.6856073901513805,8.879324249452024,19.1835759117,2
-0.35464910836007135,0.20367398424862487,-0.424795858660151,0.6676040094469249,8.881067669046283,18.958270027799998,3
-0.6072038694295899,0.26738687679086987,0.8004971687209173,1.3263910438524162,8.920636049560525,19.9905015567,4
-0.36013328957219254,0.2255839852620371,-0.4468426256275566,0.6536565651617986,8.865073273775256,19.563762373,2
-0.3887762824955437,0.21125640996710351,-0.30640376150975746,0.6757945413231403,8.8487935647772,19.457372580700003,2
-0.3909146967201427,0.22824791959830634,-0.5577032481566615,0.6706921791376955,8.897774789106506,19.3020532647,2
-0.3587507227272728,0.21941135574778636,-0.3993986233745259,0.675077866859359,8.876452342245459,19.1377022637,1
-0.6334211750445633,0.28934209729352206,0.3689746201456572,1.2575845751540502,8.913717312171837,19.9998200013,4
-0.4225815811586453,0.2298567242888854,-0.29504335518166336,0.763168700347443,8.870870288138546,19.566815645899997,2
-0.2702811525846703,0.308460348919373,0.3866342661815394,0.684772873359991,8.833557976156403,31.9124864888,1
-0.6308496474153298,0.27403957194456985,0.3548487003371723,1.2434311228415398,8.918088808565862,19.999440007,0
-0.4180006424242424,0.23190683681166144,-0.2146678707401617,0.8124516049509234,8.895003741651914,19.5508185781,2
-0.6351523336898395,0.29957995377463364,0.34449653708559147,1.2771552178562582,8.924548091603162,19.9998600007,4
-0.6510824894830659,0.29060657122936373,0.5943726710497304,1.3489103838581955,8.930447046019092,19.999960000199998,0
-0.17859070918003564,0.29600434028292016,-0.4501052826976055,0.41985438494370214,8.797368933199108,25.770830837700004,3
-0.44516498502673796,0.23347731725681742,-0.3714704176491712,0.8113424971671525,8.8961753603177,19.7127311715,2
-0.6326709563814618,0.28151268732957285,0.37941414928107964,1.2464921707283418,8.910081391266395,19.9991400217,0
-0.39351310411764706,0.2395607111809356,-0.574196985409309,0.6793646502898635,8.85617209017035,19.6209236968,1
-0.3389387085561497,0.20511286428094305,-0.489689840584973,0.5632105825956099,8.839888243361242,18.7066768859,3
-0.3457306789661319,0.21777457890506163,-0.40665320946187844,0.5916904228331882,8.856431655470352,19.3253189599,3
-0.32198796950089126,0.2265281503196909,-0.6768595121816556,0.4781550077940881,8.835429712330178,19.265148366200002,1
-0.3445822531016043,0.1986304218870884,-0.4638107557859703,0.6183165431589267,8.851557929701872,18.663879429999998,3
-0.37534437592869874,0.2073799390567762,-0.24888911690288618,0.7250293417198854,8.873050807589276,18.764267196200002,3
-0.3395486249554368,0.20521152263703155,-0.3747456087546164,0.6027857238172973,8.850488788221096,18.8390777502,3
-0.31488683778966137,0.20723805315328767,-0.29558590013197916,0.6140405956496165,8.819408679078267,18.7216900611,2
-0.4475220991087344,0.24134685769599284,-0.4552176417380118,0.8053533027817922,8.905396467557544,19.7988276331,2
-0.5589362831550803,0.2494180506010185,0.15154081810655162,1.0761814619285524,8.89730776030215,19.9834274961,4
-0.656339620855615,0.2782393141736999,0.7393345928036097,1.3753287519925113,8.940328383632398,19.9997400021,4
-0.5108709620320856,0.41713469381562074,1.108287764091406,1.260132770414253,8.892933457645812,41.58643102,0
-0.18714432199643494,0.193128779202764,-0.26573995941067174,0.28129664340141725,8.70771396814255,19.5219524755,2
-0.24008213529411762,0.26793515170519,0.2713995987548512,0.6915175289986077,8.770482299225897,27.2363540982,1
-0.3332695028698752,0.2268903057878079,-0.5646333115849678,0.45451328749723624,8.779106983867738,19.585020584000002,1
-0.4578941538324421,0.38684553143039935,0.6217217382876812,1.042431375345171,8.859303617312806,35.89872241,4
-0.4334234132798574,0.2267389887199507,-0.3268821776556128,0.8225628345118834,8.910160768758676,19.1730103911,1
-0.18357425401069516,0.21845010501125492,-0.7720257713402501,0.10485736029032697,8.742777793138313,18.4353344458,2
-0.37592638695187164,0.21866918363519638,-0.2489128270801908,0.7782130726456553,8.915316932700847,18.6903387206,3
-0.43150732655971485,0.23879957992978465,-0.22222752750381236,0.8669695537800802,8.902188785720238,19.3858410711,3
-0.35139149349376114,0.23693367895022058,-0.6018624126453549,0.5578711525887028,8.822499104348623,19.4960978208,1
-0.6182151680926916,0.2923606378438466,0.20732707908049397,1.2044607634228324,8.910340746280681,19.9994800062,4
-0.2947097320855615,0.21659435146075426,-0.49837199024639167,0.5126226109866117,8.812536638291384,18.535691986200003,2
-0.28237491497326206,0.2353147743583772,-0.7642782289632843,0.3490709783185386,8.7987763682108,19.6602582537,1
-0.6161211831907308,0.2960245081598679,0.17463241452496714,1.2185970721306247,8.944789593573075,19.9991400213,0
-0.26353786081996433,0.21398165617825732,-0.5765437158705375,0.3705618104822353,8.765677545771563,19.252973088,2
-0.4123379443137255,0.21841689414735763,-0.24383328244330915,0.759319759214675,8.877023309257794,19.5396970966,2
-0.269331662745098,0.20873073306389872,-0.672193457805677,0.38230204806186113,8.774889101699655,18.5061154288,1
-0.3610741237076649,0.21741665111057776,-0.400199115621906,0.5998348547719256,8.848433724938728,19.2139245027,1
-0.4210258832442068,0.2312428329744681,-0.3321005077866399,0.8006113219508182,8.902404429215796,19.426893391,2
-0.3102386632263815,0.19691848243386928,-0.5784531808377413,0.4689139874440505,8.80674322888472,18.9490817933,3
-0.647989756684492,0.29328515553536133,0.6257404088066556,1.3542111364254734,8.931744346553963,20.0,0
-0.4942812664153298,0.24362136713619761,-0.18100246190960023,0.9596856912434383,8.907720489185918,19.7368023565,2
-0.40628287183600714,0.22986069243462218,-0.33432194323185715,0.7637264425890289,8.906933751283313,19.4249257378,2
-0.3942011666666667,0.22862493923884297,-0.4172490881434041,0.7453694354237377,8.898897066849326,19.844056349000002,2
-0.6522591279857398,0.2807700660547718,0.5009442116201175,1.3243276480870612,8.94456197884868,19.999960000199998,0
-0.32900511889483064,0.20580971477314736,-0.47720074106808363,0.5245377298456552,8.818037732230518,19.1173749212,2
-0.2966518686631016,0.21997321573044987,-0.5697304842932782,0.5067523380705773,8.799104524983676,18.4877726685,2
-0.6249664945632799,0.2860893381285783,0.604673481224816,1.3119887037880087,8.913745137265753,19.9990600331,0
-0.43143748342245986,0.23109936645007004,-0.28224775377854705,0.8447761813459327,8.919385612773654,19.5119237754,2
-0.44331470017825314,0.22856612589912859,-0.3018644753406927,0.817898475926788,8.892785127723531,19.543194455600002,2
-0.6334337803921568,0.2782128558750903,0.6738872019521653,1.3124042495823949,8.886819830809477,19.9987600338,4
-0.6116017833689841,0.2754205416924057,0.07753220617200984,1.1518592429789283,8.892417482461752,19.997960097,0
-0.6478724401069518,0.28314045147599826,0.6579818670485906,1.3498088121608873,8.926679205951576,19.9997400023,0
-0.4947980096791444,0.2368093541493169,-0.034835104609397316,0.970088839408557,8.913522203573685,19.896041599,3
-0.43581612406417114,0.26019177009918815,-0.35489405727331835,0.878470330837061,8.920996834796778,19.5440255579,1
-0.4794190504278075,0.2497592495003171,-0.1632214033203896,0.980406114263903,8.921706427258961,19.640687973000002,3
-0.3700463868092691,0.22575307823923554,-0.4986488571650787,0.6362791506811692,8.85048973991089,18.827951620700002,3
-0.6519777408199643,0.29411411413228566,0.524332862283353,1.3510980875274925,8.957356921945966,20.0,0
-0.2582872800178253,0.20920740878476116,-0.6234866968919262,0.3950947265995757,8.783025815636494,18.756101253199997,1
-0.651759671426025,0.27694674162893673,0.5263190409217762,1.3161959603005084,8.923746537017102,19.9998000018,0
-0.4783077913368984,0.23759086099551022,-0.0842829604129558,0.9547119983533354,8.932577113268156,19.8620636419,3
-0.43628901247771834,0.23856702386146583,-0.2915871943135264,0.8494772447790827,8.923058193610427,19.6588491804,2
-0.06125134670231728,0.7112244260287451,2.8619577071260913,1.306540965193136,8.724234272029314,138.54492011000002,2
-0.6398951719251337,0.27997910669653214,0.5569341159338035,1.3046388747437543,8.916453217948359,19.9996800028,4
-0.5463535065953655,0.25446635860708267,0.1995240273745913,1.1060686190541857,8.91660015013905,19.9859055675,4
-0.4682039813814617,0.23370308892076244,-0.31861834290919333,0.8951403013526696,8.911365913761731,19.491774835999998,1
-0.6374328285204991,0.3092323412710144,0.5009642783208843,1.3352660225660773,8.94297015078035,20.0,4
-0.3490524681942959,0.22644149955928222,-0.6676383283787435,0.5277520908842017,8.845200264280125,19.277701682500002,3
-0.28547819393939394,0.3164244296563979,0.44850213336066247,0.7884545695586775,8.86707379870962,33.394916291,2
-0.6393495524777184,0.2983709429222228,0.7517946610977639,1.373138121544879,8.91457667176508,20.0,0
-0.31976561051693403,0.22499272085194943,-0.6330443639851215,0.4896029934471316,8.815042291211707,19.510282283200002,1
-0.45629706327985736,0.2264201672874194,-0.14873186959723572,0.889537438129586,8.923270796375395,19.754724456799998,3
-0.6314033518003566,0.27737048392572095,0.7642422925742798,1.3482413326826208,8.917998300778578,19.9987800567,4
-0.34799954438502667,0.22501642238811786,-0.6208958551576167,0.5881125852101204,8.854383017641156,19.1237562058,2
-0.632760346345811,0.2859522904124896,0.5863503203591485,1.3170628903167538,8.921081017067053,19.999700003500003,4
-0.43645403778966135,0.23633396196948958,-0.2086298928666186,0.830325923364147,8.89829758731194,19.7686985334,2
-0.32951926363636364,0.22168405253345275,-0.5426441794016394,0.5942770435202125,8.854484534803262,18.9185467912,3
-0.44263217397504456,0.22862813214937364,-0.28686393870110694,0.8168719530169897,8.91296580486052,19.651221480799997,1
-0.6211120662745099,0.2793837849962577,0.326457558035429,1.2222734059793643,8.904893583076667,19.9991800283,0
-0.43678344012477716,0.25314411278500804,0.07014750822391225,0.8988999145155295,8.889236540763779,21.4396466906,3
-0.38299005049910867,0.2167400516009473,-0.5771853265836473,0.5976202373803673,8.859110570063308,19.4335111456,3
-0.6342191859893049,0.2616239537550112,0.6782174526154496,1.3018523564807896,8.890352804157695,19.997020185700002,0
-0.22045762067736185,0.21554109277923342,-0.5674558896061854,0.3058847004676404,8.696349405835589,18.698431612100002,1
-0.3282573905525847,0.2150238866276608,-0.5273204638030915,0.5227914007484132,8.80783779537169,19.092563815200002,2
-0.4857371266844919,0.23733745379531923,-0.016480956748714082,0.9881272271537958,8.941011971369992,19.7522929988,3
-0.613647656684492,0.285151929022466,0.46753967223884896,1.2679142065820772,8.917260806714838,19.999840001000003,4
-0.4342876571301248,0.21645423168456668,-0.31596797832970047,0.7755484797435378,8.873978268829578,19.5636587672,3
-0.6077705789661321,0.30440969045736593,0.4994859277027057,1.2983063082565571,8.935550404206976,19.9997200032,4
-0.6476661433155081,0.2944761821307195,0.4522162308987383,1.3138533529102945,8.92964572911075,20.0,0
-0.5509726290552585,0.26807264844552053,0.06625960012949728,1.0670551611122743,8.896271055843918,19.9796293125,0
-0.4023672681639928,0.2263912210201459,-0.34604583706918346,0.7631381915512513,8.889225130412012,19.4556161573,2
-0.4337175069518717,0.23830032621830013,-0.1673558393917225,0.8722649328553611,8.915000775616628,19.5681801867,1
-0.6451741504456328,0.2980259913908052,0.3562070616120008,1.300915952913183,8.950541532650973,20.0,0
-0.6428164256684492,0.2852061119968865,0.5853865279511936,1.3339072250111272,8.925204211334854,19.9998600007,4
-0.5304745939393939,0.25731046252686096,0.1129262144938501,1.0743134183939433,8.915984948388113,19.9290966694,1
-0.6401248841354724,0.2877460846898371,0.5622073913482111,1.3205501776299693,8.923891953352761,19.999120021,0
-0.5997834992869876,0.302132982661628,0.2830513669224639,1.238204891371147,8.94394567802519,20.090296076599998,0
-0.6542822711229946,0.2993566728286624,0.5574431646565379,1.3773438829272262,8.970311684438109,20.00020001,0
-0.43692635008912656,0.22702366764883783,-0.49551160972146,0.7636421047086009,8.897501475029035,19.4995468351,1
-0.6407209814616756,0.300040523807569,0.4701572319194578,1.3195426736548292,8.937481283686665,19.999960000199998,0
-0.4464422301604278,0.2290997063897458,-0.29220108407858003,0.834119975364207,8.907615489708393,19.3307121671,3
-0.2624916663101604,0.32647524858158816,0.3302739483820498,0.6852429695466018,8.851595589914055,31.2497954049,3
-0.6062143721925134,0.2648761862175556,0.8803781115753888,1.381795001953396,8.9621176254856,19.9924010816,4
-0.2276046409982175,0.2017386671088751,-0.47931120599491184,0.3186904778998601,8.737650340822867,18.7670215468,1
-0.4007259695187166,0.207196211905254,-0.3055672377030163,0.7026482453928535,8.875561869276126,19.161515813,1
-0.27689050203208554,0.22054413702976552,-0.585864222652881,0.3970229727396196,8.753277758521936,18.508032413699997,3
-0.5754041399643494,0.27395140706991267,0.08860368289887077,1.1479638688727005,8.907980977234956,19.9756728009,0
-0.4186165135650624,0.23138337448757632,-0.26626031361314695,0.8515710312832845,8.930474954432515,19.769195352100002,2
-0.6504854700534759,0.2984195872726102,0.5555553738588546,1.3611906313123625,8.953899005570891,19.9998800006,4
-0.5789265381461675,0.2872366184067731,0.19830826336943375,1.1704390563699618,8.922465839130808,19.9939409821,0
-0.644294880748663,0.3106214853141473,0.5171567101336425,1.3485701524678704,8.944418572586558,20.00400072,4
-0.3730649404634581,0.2233127363455215,-0.5415783721974026,0.6747820809069683,8.899419547894341,19.1287610565,1
-0.627700156114082,0.2713188613586862,0.5218794450902142,1.261369771146171,8.901842607655365,19.998180078700003,4
-0.6303287700534761,0.2756996738235337,0.6432877849535523,1.3150575311330852,8.911214248117766,19.998000092399998,0
-0.11854010659536544,0.5494274277498175,3.3214297124677934,1.2742522095566517,8.759433675732723,101.0105435,2
-0.6509366754010695,0.2851086291724982,0.5348252927287724,1.3207693122840307,8.918385397437174,19.9999800001,0
-0.42612299358288774,0.23686427282674838,-0.4699733102026249,0.7180867604664344,8.884108071399975,19.7547424976,2
-0.3662135727807487,0.22484708227553513,-0.33538782488145635,0.7146280743844179,8.88473384101297,19.084960719499996,3
-0.6261938543672014,0.2727077481479352,0.3078546053386404,1.2279852947861296,8.917732567944475,19.9959203504,0
-0.4737448600713013,0.23715401628604416,-0.11070594256923005,0.9399797534640912,8.928163796253427,19.7774150023,3
-0.4219645891265597,0.23130321626532052,-0.2744923997157471,0.8108000915101103,8.888688002935467,19.561673660100002,2
-0.2766257362923351,0.22586393352869225,-0.6213075315267029,0.3546770178980179,8.754878000066833,19.0263980531,2
-0.5901293826024955,0.29193878421710073,-0.04665967058324272,1.1092358579108592,8.886532852792596,19.9946408422,0
-0.588587916399287,0.2734572795364985,0.3058507321033779,1.2095392347719125,8.928910721673084,20.1737559185,4
-0.5967068648841355,0.2858760733295357,0.35344403180520567,1.2142996391515555,8.906873059932241,19.9965402649,0
-0.6447578523351158,0.2740606514481707,0.5245488663667492,1.3002227413427712,8.929535452032622,19.9995000071,0
-0.6166481158467023,0.2859112692957747,0.3972324029701264,1.2541538697901806,8.905863340110407,19.998040135,0
-0.2604892555614973,0.22379924618339794,-0.7147741658806415,0.35882202516279277,8.775403164090179,18.085635383299998,3
-0.29116422976827094,0.2080703231298515,-0.7956977614942136,0.32997932624131027,8.804865648716829,19.2373516086,2
-0.6374328285204991,0.3092323412710144,0.5009642783208843,1.3352660225660773,8.94297015078035,20.0,4
-0.40103588680926916,0.22061477623391557,-0.3939910735783312,0.7529430228979007,8.923060135588987,19.189210862299998,2
-0.6489933098039216,0.2810359412830385,0.561819447348296,1.3196486782783101,8.919427509157869,19.9999000005,4
-0.6559533991087344,0.28523245895815,0.6329643449412345,1.3740653263190252,8.95254914030129,19.9998400008,4
-0.4659221696969697,0.24285047841417498,-0.1871203931669605,0.9016456812355685,8.905659206373773,19.72477836,3
-0.2541390238502674,0.20678454456221454,-0.61326192707129,0.2752884475205847,8.711757426005606,18.6968337514,2
-0.4797944413547237,0.2362571356803406,-0.1767345853631883,0.8982274210777486,8.876758692244259,19.8944121097,3
-0.4487108593582888,0.23472407037883483,-0.22369403775874286,0.9050064612367223,8.948863963440399,19.435378816500002,2
-0.32836659992869877,0.20556529041920676,-0.4694801658743928,0.5403385711583178,8.834658755830336,19.0791510553,3
-0.6523536664884135,0.2585916263334171,1.0197149140913666,1.4287609324423414,8.940684700113874,19.9995600048,4
-0.386083549197861,0.21679411739643817,-0.41897649064075937,0.6547814214814267,8.860808644091026,19.1911314564,3
-0.6390639456327986,0.26876523872458064,0.6170272407821682,1.3113198763216845,8.912922689185471,19.9989000407,0
-0.6049559921568628,0.26334681294117246,0.6487854564009381,1.27207299470025,8.904903761493888,19.996400256,4
-0.39396098217468806,0.22102119642085696,-0.46033655890072955,0.6681557263807724,8.85879567462612,19.4669590337,2
-0.24976489126559717,0.2146163343778288,-0.8731191819848609,0.2699194915614067,8.786124971735592,18.826095875300002,3
-0.4025610316221034,0.2589099923191825,-0.08113963902154309,0.8233243812879232,8.89270738037602,22.3156422757,1
-0.2229443219828877,0.2134903033065527,-0.5186371715990621,0.32260746376594746,8.757763693079038,19.465189384,2
-0.649181755258467,0.29036389895373527,0.6231107651620205,1.3586635200294392,8.939238241628832,20.006769160199998,4
-0.1227095920677362,0.24474051315741346,-0.7822126121267474,0.16714936263617275,8.770031760441881,19.4818091196,2
-0.6373539096256685,0.2723758134879318,0.8312125295440929,1.3735352014636795,8.941495772353061,19.998420053300002,4
-0.1553605992869875,0.2299172324045026,0.24600728821771467,0.4591462463991125,8.736617468577832,25.210919808,2
-0.2803916590552584,0.21062264263381814,-0.47915326570652894,0.4204746920111327,8.770592718680621,19.0999293301,1
-0.6229824274509804,0.2931358707388833,0.550726235868602,1.3152742667318367,8.938759249482153,19.9992600183,0
-0.2599169623885918,0.24429304869501867,-0.7954902810235924,0.3492877178893664,8.791504931535291,19.3539222199,2
-0.6499335543672013,0.2930330912298407,0.5059203802611956,1.3349010393394796,8.934338141411347,19.9999200004,0
-0.4109939215686275,0.24072763294163044,-0.3344027712254367,0.7998108250241371,8.903099302189858,19.539453124700003,2
-0.4085119804812834,0.22095197280270337,-0.3416583012538199,0.7320398797660875,8.882074166122834,19.3729132606,1
-0.2502908090909091,0.2056052957205288,-0.6217256975312235,0.31157897374393334,8.739387284683282,18.7587406615,1
-0.21330886399286988,0.19190438833612203,-0.5969606543660633,0.2758791037499711,8.751317089655473,18.511154975100002,2
-0.6412190614973262,0.32101786309037544,0.3860081908209123,1.3365427981484805,8.957844176927491,20.0,0
-0.6214744908199643,0.2777060716176236,0.33290287862676493,1.2325209325627733,8.934206083439378,19.9980201071,0
-0.386729804456328,0.22333314122992665,-0.37766551436580365,0.7271783668891351,8.876627852034392,19.009510269,2
-0.42277161479500897,0.22161083487248978,-0.2949900263483225,0.7421311074494858,8.873012641660942,19.7456692843,3
-0.42540850591800355,0.23067930780685583,-0.2459743600064881,0.8262894843935565,8.892107452449007,19.538047336600002,1
-0.3249484265597148,0.20357073931337927,-0.3396512610470497,0.5661184315780851,8.837036748034357,19.1543485113,1
-0.402429159714795,0.21035347437336543,-0.4616416995260173,0.6579354275564875,8.864065634406797,19.3396698803,3
-0.2456118524064171,0.21311500174871786,-0.661368001037959,0.33350249038189905,8.796948833938714,19.0953316758,1
-0.6257702067736185,0.29001312719541533,0.5082584066315126,1.307383293925795,8.938137138764578,19.9975801359,4
-0.6475591816399288,0.2907796139363448,0.5156111941758463,1.3212173907863165,8.918078120611101,20.007408109999997,4
-0.6341675579322639,0.2743714111082901,0.47924067995540565,1.2651366985708117,8.90198430091354,19.9996200059,4
-0.6021875481996435,0.3162103799676579,1.038553135252875,1.394932600079216,8.92258279489197,22.773118220500002,0
-0.6575708278074867,0.2867107697648439,0.665069089973684,1.388630232949808,8.951029932799317,19.9999800001,0
-0.424995354688057,0.23175366440263573,-0.41360638113520976,0.7340293279746535,8.894766526730614,19.6989617316,1
-0.4099331915329768,0.23079547634870481,-0.29814707314764677,0.7889344682788378,8.904086125296924,19.301683821700003,1
-0.3965546878787879,0.2351750519582349,-0.236583456833789,0.8015720945107132,8.89628464665368,19.5023396459,2
-0.6392883030659536,0.2674104818574767,0.9335156689174688,1.38857741791764,8.917728071497212,19.9993400179,4
-0.4607842086274509,0.24364159866365914,-0.04579480735270147,0.9154469936095074,8.900102539419247,19.785820580699998,3
-0.6333094782531195,0.29923800967697384,0.39515399696831643,1.2814461525335281,8.918859839703117,19.9995000069,4
-0.6484670466666667,0.2972191932712548,0.3467798866765266,1.302864129405471,8.939095185988243,20.009004469999997,0
-0.638662313885918,0.28964434348667645,0.43504179733942516,1.29533144982242,8.930701256756937,19.9996600049,4
-0.2170935598930481,0.24012581712233555,-0.7808062326430671,0.28862234583664276,8.788381588822968,19.2194932945,2
-0.6390435584670231,0.3042285223112127,0.4682774907836875,1.3256090167160566,8.941293449564975,19.9998000018,4
-0.3267265345811052,0.21975210782736707,-0.48970904565453033,0.5541026828333564,8.81048887414309,18.9825238327,2
-0.5457782041354724,0.28678674494044337,0.06795926897344318,1.0971355518540875,8.897583579851961,19.9867847983,4
-0.35760264723707663,0.20640985528718025,-0.34471368514696454,0.6027743710578047,8.838694102048592,19.2251632339,2
-0.36732597664884137,0.22643250557962613,-0.4248727722081642,0.6422682336191543,8.830867347871573,19.277493765499997,3
-0.6574595898395722,0.2951263410693846,0.7672149644532391,1.4263253879540883,8.9636629368563,20.0,0
-0.6152443720142603,0.29884190069442407,0.17531457541168605,1.221544964740868,8.933796503587855,19.998360068,0
-0.5810795415329768,0.2911759320377045,0.5467869986606377,1.2802168303429884,8.941599619437156,19.9972601833,0
-0.3684895752228164,0.2106477797106763,-0.49108158470099905,0.6479230059579802,8.871747126265335,18.8047226647,1
-0.2204486648841355,0.27341974090536314,-0.10757520194179859,0.558079182085765,8.796202193776029,25.7492765368,1
-0.42092312780748664,0.2604883786055702,-0.4365037019420983,0.813201944488101,8.924833568090055,19.778717667000002,1
-0.36615433511586454,0.21876021470325654,-0.3697273132683323,0.7118869491870016,8.893018830812373,19.4089709493,1
-0.3759073720142602,0.21956352734412568,-0.4129122673871328,0.7222118171856112,8.89764154101894,18.527105413199997,2
-0.6503867379322638,0.27943821324387447,0.7202307392118872,1.3619109689147872,8.92410144743181,19.9998600007,0
-0.25583084736185385,0.24548416602197554,-0.741675395429005,0.4212852158484324,8.813929334795283,18.514577228100002,1
-0.35547360017825314,0.22081348845604507,-0.3738531530963116,0.642512251292291,8.835466616237717,19.3016053157,2
-0.4552773421568627,0.22977066621634928,-0.40052904177293724,0.8009667545603295,8.86858315329112,19.596626513700002,2
-0.42252396149732624,0.24591035063025188,-0.4896170905864201,0.7824232522370331,8.920963397324247,19.388356381099996,2
-0.6328592884135473,0.29916814076937126,0.298329783597552,1.2714480997459525,8.934572741195574,20.002701960499998,0
-0.6237911101960785,0.30911781363386687,0.2872975273533962,1.253446261486388,8.924441530807803,19.9999800001,4
-0.4727201051693404,0.2426013325800228,-0.13685459409909484,0.9245171223397034,8.923042100437007,19.8105222778,3
-0.571626263137255,0.2661893081680716,0.40461127229149296,1.1896198257843866,8.894141229307099,19.9680814145,4
-0.2568832943493761,0.19917312462248113,-0.42631689333629197,0.38142493498749214,8.783991515265392,18.9016920018,1
-0.6537699859180035,0.2783024250435448,0.7774695651066086,1.3835425897825855,8.934711022570742,19.999760002400002,4
-0.6358752677361853,0.27411712846655983,0.8020234885320501,1.3648511337772196,8.933829226218549,19.9983800671,4
-0.5775527131907308,0.27351046347658553,0.3715180014614363,1.208942750490149,8.923020659388921,19.9901024933,4
-0.3621037869518717,0.22118011797836876,-0.4741285043807988,0.6220197192561354,8.871498963524763,19.273188065600003,1
-0.6334673144385027,0.2966312570102607,0.35852612421983343,1.2664308719195587,8.913723818185282,19.999640005,4
-0.6269000659536542,0.27069374156639225,0.5517963604754335,1.289315309610269,8.91971502549565,19.9965402307,0
-0.1866881224242424,0.2223575198766997,-0.8380456217559975,0.16163372972104742,8.755181162878937,18.809809892900002,2
-0.6255246468983957,0.27889710057996037,0.7172578838245385,1.345608672554359,8.921972798498354,19.9984600869,4
-0.37231888181818185,0.20911026197550725,-0.24047112366898737,0.6752403627128,8.833495400980363,19.1815737585,2
-0.3491373976827094,0.21584351048065034,-0.5772027821643255,0.5247531485701832,8.822264909524272,19.2661827367,2
-0.642857398395722,0.27820078685937805,0.47717743638384347,1.2846689042619115,8.90461851963542,19.999720004,4
-0.6445339814616755,0.281527287924231,0.5478511716350924,1.3175782501172622,8.923996896305205,19.9996400046,4
-0.2539315162210339,0.20885377124613372,-0.5020868709700754,0.35146430819544944,8.702861349345984,19.1035793294,1
-0.3404225638146168,0.21531959554947958,-0.342882373285164,0.6373389787421893,8.840265894842975,18.8563407349,1
-0.21572438611408198,0.3097939040022415,0.1323815338676817,0.6935836319677819,8.821982597904556,30.825642364600004,1
-0.28083541910873444,0.22583846782477346,-0.4999200115267186,0.49416785341746294,8.784302609808543,19.245373149799995,2
-0.2162642912299465,0.19308384571832848,-0.49233879006834114,0.3465630145277444,8.761219825691457,18.0157285802,3
-0.6375262087344029,0.3041950842821447,0.3582073928070142,1.3026490749428747,8.963105346996162,19.999900000700002,0
-0.5838731381461675,0.30837880744856616,0.31885132838778185,1.2468377367326668,8.95089862239772,20.0367135182,3
-0.4868149899500892,0.2532972314276619,0.06312596060916098,1.0579524495348693,8.939345173566096,19.7632810678,3
-0.6145734190374331,0.27505620753772836,0.5808488488485328,1.3040824144314649,8.924491941415942,19.9942607273,4
-0.6485204846702317,0.2620619603628647,0.859398534811795,1.3687500951402267,8.923664181825814,19.9995000067,4
-0.6016050279857397,0.29397870598525383,0.5029041529643687,1.2767546331393527,8.920998060874648,19.998360068,4
-0.3671444869875222,0.2145840696522204,-0.32233555922620116,0.6754579333582008,8.879132681329171,19.209517882300002,3
-0.642142176292335,0.30137231691338534,0.33389244097405735,1.2870980172874311,8.930932051700353,20.0,0
-0.6318125868092692,0.28858221177809296,0.365918197078289,1.2589533347041537,8.920811150049662,19.9994400106,4
-0.4448342691622103,0.2229787352782121,-0.09458080755848863,0.8726080442982723,8.888156387627017,19.632672115200002,3
-0.4513327541532977,0.23316044240905828,-0.2154424825183927,0.8826583880075456,8.908490102992777,19.5354099913,1
-0.6418797657932264,0.29739582120907315,0.5765489549423926,1.3414646302886304,8.937412251177648,19.9999000005,4
-0.45527023672014255,0.23646620340869096,-0.16126168845007127,0.8951508571278436,8.91730039644149,19.6537650404,2
-0.6402979802139037,0.3149349550787055,0.3768674294824286,1.311465517307162,8.927230355128573,20.00140025,0
-0.6243696816399287,0.30913515077400666,0.3245878619690594,1.2688092353079652,8.933934689245232,19.9999800001,4
-0.507520903030303,0.2431505674548156,0.16228615303356486,1.0689039698219598,8.92726226164358,19.736108463,3
-0.4608806976648841,0.23106906571797628,-0.12505856012156302,0.9117132114820251,8.90825782891572,19.7504237748,2
-0.4668386436720142,0.25216960165082214,-0.2684907623981809,0.8751820590744172,8.904898553748845,19.9247588932,1
